Plot,Ring,ecosys,Transect,EP,TerrType,alt,easting,northing,ACERUB,ACESAC,ACESIL,BETALL,CARCAR,CARCOR,CAROVA,CARTOM,CORFLO,CRAPUN,FAGAME,FRAAME,FRANIG,HAMVIR,LIRTUP,MAGACU,MALCOR,NYSSYL,OSTVIR,PLAOCC,POPDEL,POPGRA,PRUSER,QUEALB,QUEBIC,QUEPAL,QUERUB,SALNIG,SASALB,TILAME,TOXVER,ULMAME,ULMRUB,ULMSP,VIBLEN,Grand.Total,Ptot_full,Po_full,pH_full,moist_full,ps1_full,ps2_full,percc_full,pomc_full,cton_full,Ptot_long,Po_long,pH_long,moist_long,ps1_long,ps2_long,percc_long,cton_long,Ptot_nug,Po_nug,pH_nug,moist_nug,ps1_nug,ps2_nug,percc_nug,pomc_nug,cton_nug,Ptot_short,Po_short,pH_short,moist_short,ps1_short,percc_short,pomc_short,cton_short
1,1,B,Grid,Core,B,319.7,0,0,0.630501471,0,0,0,0,0,0,0,0,0,0,0,0.308928319,0,0,0,0,0,0,0,0,0,0,0,0,0.704678116,0,0,0,0,0.102273854,0,0,0,0.00950334,0.016007237,0.298793322,-0.30149414,0.974208242,2.760749098,1.16866076,0.768069433,1.321471925,0.139537632,0.294099136,0.910808089,0.773098445,0.40441137,1.509030836,1.036728788,0.271252281,0.203476467,-0.092628502,-0.730847189,-1.144228699,0.471515773,1.201931252,0.116014074,0.496817152,1.049338574,0.18136472,0.428418397,0.118832422,0.069636114,0.098281099,0.049787011,0.015917898,0.068656884,-0.041827088,-0.04169076
10,1,UD,Grid,Trans,T-UD,327,43.19,134,0.347395593,0.567101337,0,0,0.08392277,0,0.26333074,0,0,0,0.58330663,0,0,0,0,0,0,0,0.109233187,0,0,0,0,0,0,0,0.340239944,0,0,0.115691537,0,0,0,0,0,0.111727077,-0.374154451,-0.783834158,0.887531697,-0.732460219,0.231970287,-1.168173216,-0.428784928,0.732934422,-0.027875393,0.264713361,0.001876431,-0.237049985,0.025854552,0.813320964,-0.232837331,0.013591636,0.053222403,-0.623147198,-0.787701899,1.118520548,-0.753908793,-0.585625629,-0.935335885,-0.429551669,0.899363407,-0.068859052,-0.015720613,0.00199131,0.006061134,-0.004405978,0.004274952,-0.012824896,-0.166428984,-0.012238743
11,1,B,Grid,Edge,BUR,322,165.41,137,0.123834435,0.218353688,0,0,0,0,0.540930137,0,0,0,0.62494619,0,0,0,0,0,0,0,0.086408432,0,0,0,0,0,0,0,0.483866672,0,0,0,0,0,0,0.11059011,0,0.161008571,0.455061542,-0.432532538,1.277576146,0.759513619,0.005786348,-0.214275876,-0.213919637,-0.689423435,-0.625490155,-0.017619974,-0.424949758,0.0621446,0.295027781,-0.020378045,0.272284579,-0.088650944,-0.022402529,0.417307374,-0.011413332,1.240172726,0.452980568,0.01953658,-0.486560456,-0.124398658,-0.747045614,-0.568269413,0.055374142,0.003830552,-0.02474118,0.01150527,0.006627813,-0.000870035,0.057622179,-0.034818213
12,1,R,Grid,Edge,RU,316.7,289.59,146,0.311827065,0.237974239,0,0,0,0.211566387,0.191147111,0,0,0,0.031196116,0,0,0,0.12433505,0,0,0,0,0.247166088,0,0,0.306459777,0.17186224,0,0,0.719904617,0,0,0.197871445,0,0,0,0.080256592,0,0.011330966,0.725373493,-0.783834158,-1.134921001,0.566735399,0.52218915,1.003390776,-0.338479226,0.165925109,-0.584479402,-0.719559848,-0.663370482,1.429558768,-1.206412632,-1.723688406,0.602462559,-0.716909041,-0.126046826,1.433035265,-0.117163116,-2.625701498,1.787959655,2.253995494,0.400928217,0.416799317,0.177153845,-0.457817367,0.011898076,-0.00330056,0.061221729,-0.014811624,-0.008117937,-0.038369501,-0.011228736,-0.000615209
14,1,U,Grid,Core,U,332,53,228,0.393549303,0.487379872,0,0,0.067739006,0,0.480048853,0,0,0,0.455168513,0.402930305,0,0,0,0,0,0,0.054891953,0,0,0,0,0,0,0,0,0,0,0,0,0,0,0,0,0.293430152,0.296541075,0.56728497,-1.077136638,-0.380397544,-0.571121021,-3.589085848,0.044152262,2.185657448,-0.042713483,0.41479206,1.630099116,-0.673738717,0.02942463,0.335210443,-1.348181445,0.666789733,0.67541434,-0.130876008,-1.084169514,-0.401209661,-0.376565606,-0.878157459,-2.240904402,-0.566063095,2.237809919,-0.689917149,0.012625023,0.021355368,-0.002188259,-0.033256569,-0.028174004,-0.056574375,-0.052152471,-0.028210673
15,1,UR,Grid,Trans,T-UR,329.2,177.15,224,0.253187588,0.194379176,0,0,0,0,0,0,0,0,0.659570476,0,0,0,0,0,0,0,0.052004956,0,0,0,0,0,0,0,0.678509434,0,0,0,0,0,0,0,0,0.582090571,-0.347309914,-0.641469031,-0.557077373,-0.759918077,-1.036895407,-2.432841903,0.983798663,0.579154659,3.353764095,-0.453206338,-0.562306098,0.203270971,-0.362501873,-0.054735621,-0.808951301,-0.246835443,-0.115341693,0.122564038,-0.077921873,-0.754511245,-0.394677941,-0.982225527,-1.623890602,1.229838487,0.707207988,3.468404026,-0.016667615,-0.00124106,-0.005837098,-0.002738263,6.57E-05,0.00079562,-0.12805333,0.000701762
16,1,R,Grid,Edge,RU,317.6,288.53,238.5,0.371053186,0.233264731,0,0.096929256,0,0.228769006,0,0,0,0,0.172176966,0.318846234,0,0,0.405063239,0,0,0,0,0,0,0.564824921,0,0,0,0,0.334788545,0,0.140292343,0,0,0,0,0,0,0.341817076,0.731730854,0.320425146,-0.788214824,0.494048912,0.431443171,1.023063282,0.547061604,0.596630775,0.530425287,-0.898527467,-0.777310919,1.271762435,-0.904882998,0.066643016,1.033072877,-0.793253874,-0.191488838,1.636917679,1.098031125,-2.082592494,1.399247663,0.35915132,-0.010009595,1.345077239,0.614719567,0.714483142,-0.006659359,-0.000295061,0.022615236,-0.000315752,0.005648835,-0.004761762,-0.018088792,0.007430983
17,1,U,Grid,Core,U,334.3,-81.75,340,0.266107074,0.699893162,0,0,0,0,0,0,0,0,0.480378701,0,0,0,0,0,0,0,0,0,0,0,0.293839546,0,0,0,0.349615806,0,0,0,0,0,0,0,0,0.022469509,-0.110121234,-0.532432376,-1.438288905,-0.328101933,0.421621832,-1.985280397,0.980684674,-0.736618657,1.839110622,0.137942059,0.77343101,0.148433019,0.379107404,0.488704512,-0.593187576,0.08486151,-0.103423659,-0.228679209,-1.304584622,-1.589810359,-0.7053502,-0.067211144,-1.392092821,0.910717396,-0.825409678,1.953090096,-0.019384085,-0.001278764,0.003088435,-0.001859137,0.000128465,-0.014894232,0.088791021,-0.010555815
18,1,U,Grid,Core,U,333.6,53.87,320.5,0.61671846,0.185762339,0,0,0,0,0.144680283,0,0,0,0.592355309,0,0,0,0,0.164328222,0,0,0,0,0,0,0,0,0,0,0.43165928,0,0,0,0,0,0,0,0,0.223516201,3.051972029,3.029011136,0.670840337,2.247895417,0.018980788,-0.878406751,5.245488235,0.947886471,2.182595391,0.437426165,1.938339196,-0.671473118,-0.037117252,0.345786561,-0.634071045,0.474926532,0.599077599,2.611460299,1.089778406,1.346722295,2.285962158,-0.325250256,-0.244335706,4.767455342,1.047482686,1.580374698,0.003085565,0.000893533,-0.00440884,-0.000949489,-0.001555517,0.003106361,-0.099596214,0.003143095
19,1,R,Grid,Edge,RU,318.1,202.33,322.5,0,0.633946129,0,0,0,0,0.38296378,0,0,0,0.649761879,0,0,0,0,0,0,0,0,0,0,0,0,0,0,0,0,0,0,0,0,0.171057153,0,0,0,0.100345846,-1.11822679,-0.537987027,-1.048244456,-0.287169552,-0.439595982,1.340649795,-0.704373019,1.481927435,-1.016279893,-0.582546012,-0.107505533,0.107056959,-0.580298343,-0.705097797,0.907175034,-0.571548346,-0.490023828,-0.577170579,-0.448092397,-1.177534886,0.270100075,0.287711188,0.43347476,-0.097832741,1.734678338,-0.423112667,0.041489801,0.017610902,0.022233471,0.023028716,-0.022209372,-0.034991933,-0.252750903,-0.103143399
2,1,B,Grid,Edge,BU,320.1,33.78,-52.5,0.559718351,0.298550416,0,0,0.082890085,0,0,0,0,0.174102097,0,0.410675077,0,0,0,0,0.101587096,0,0,0,0,0.439726166,0.105326496,0,0,0.420682756,0,0,0,0,0,0,0,0,0,0.418861674,0.946112588,-0.156800034,0.32413416,0.463723398,0.206491195,0.857973364,0.261742295,0.021102743,-0.270251919,0.961695627,-0.291873458,0.60924099,1.87583482,0.857396352,0.623370463,0.457074398,0.142349777,-0.019668288,0.135166656,-0.288107627,-1.413878963,-0.651353331,0.234602901,-0.196213204,-0.013164027,-0.413006638,0.004085249,-9.32E-05,0.003000797,0.001767542,0.000448174,0.000881101,0.03426677,0.000404941
20,1,R,Grid,Edge,RU,316.7,289.37,328.5,0.46698252,0,0,0.321456884,0,0,0,0,0,0,0.552589108,0,0,0,0,0.260385809,0,0,0,0,0,0,0,0.533128911,0,0,0,0,0,0,0,0,0.145639521,0,0,0.367883716,-1.162143577,-0.721954078,-1.423842815,-0.987308426,-0.36451209,1.554011944,-0.786699123,-0.555930995,0.306932546,-0.720535077,-0.5718075,0.575589889,-0.992213609,-1.013854702,0.569838657,-0.69054994,-0.528415476,-0.429572252,-0.148002756,-2.001768379,0.006601118,0.661057899,0.984173286,-0.087959173,-0.552980999,0.853750859,-0.012036248,-0.002143822,0.002335675,-0.001695935,-0.011715287,-0.00819001,-0.002949996,-0.018402837
21,1,U,Grid,Core,U,335,-77.09,413,0.361654358,0.349847276,0,0,0,0,0,0,0,0,0.557404797,0.229949364,0,0,0,0,0,0.525792548,0,0,0,0,0.13513612,0,0,0,0.297517423,0,0,0,0,0,0,0,0,0.139867174,-0.208025578,1.163147844,1.508713598,0.761691002,0.603418453,-0.618074538,-0.080601951,0.577659999,-0.855427233,0.382320499,0.286438018,-0.519185252,-0.01723412,0.656451379,-1.044008107,0.565234038,0.687433031,-0.590188828,0.876800029,2.028334666,0.779008468,-0.053021172,0.425933569,-0.646163643,0.662525307,-1.543640677,-0.000157249,-9.02E-05,-0.000435817,-8.33E-05,-1.18E-05,0.000327653,-0.084865307,0.000780414
22,1,U,Grid,Core,U,334.7,50.25,412,0.363491326,0.360006078,0,0,0,0,0.074836289,0,0,0,0.45670678,0,0,0,0,0,0,0,0.049744123,0,0,0,0.618802513,0,0,0,0.372420593,0,0,0,0,0,0,0,0,0.189345017,1.572909204,1.639325817,0.757516881,0.336297581,1.497630161,0.360108207,1.138719653,1.208496563,1.778711051,0.360775454,0.969228862,-0.439843845,-0.096912284,0.292484984,-1.050276278,0.510840258,0.320512593,1.212306908,0.670093941,1.201767547,0.436252291,1.205987155,1.410384485,0.632104802,1.332813824,1.453475577,-0.000173159,3.01E-06,-0.004406821,-0.003042426,-0.000841978,-0.004225407,-0.124317262,0.004722881
23,1,R,Grid,Edge,RU,318.9,215.37,428,0,0.820732006,0,0,0,0,0.502457459,0,0,0,0,0.271910788,0,0,0,0,0,0,0,0,0,0,0,0,0,0,0,0,0,0,0,0,0,0,0,0.197363951,0.643286217,-0.455405742,-1.394950633,1.331077475,0.329517,0.812234687,0.376376042,1.538959052,-0.314832889,-0.463752278,-0.442270598,-0.237929158,-0.539525178,-0.38983609,0.46150929,-0.47903303,-0.395472086,1.107985144,-0.012936209,-1.156300106,1.870757948,0.719088585,0.350725398,0.85618809,1.708718906,0.082806563,-0.000946649,-0.000198936,-0.000721369,-0.000155295,0.000264506,-0.000779018,-0.169759854,-0.002167365
24,1,R,Grid,Core,R,316,292.15,422.5,0,0.74392139,0,0,0.168606017,0,0.512703009,0,0,0,0,0,0,0,0,0,0,0,0,0.394066747,0,0,0,0,0,0,0,0,0,0,0,0,0,0,0,0.031416,-1.093403277,-0.783834158,-0.412616466,-1.140161242,-1.584619283,0.745519533,-0.917292067,-0.910900191,-0.982653348,-0.383215273,-0.307898694,-0.551196079,0.038137795,-0.267709998,0.816408099,-0.34084585,-0.282254254,-0.710508066,-0.475940277,0.1388882,-1.178438295,-1.316945855,-0.070888566,-0.576646041,-0.801995194,-0.700457022,0.000320061,4.81E-06,-0.000308587,0.000139259,3.66E-05,0.000199824,-0.108904997,5.79E-05
3,1,R,Grid,Edge,RBD,316.5,158.56,-54.5,0.38355442,0,0,0,0,0.469267362,0.361521182,0,0,0,0.041060891,0.102652235,0,0,0.448214244,0,0,0,0,0,0,0,0,0,0,0,0.485398428,0,0,0.171860787,0,0,0,0.153978353,0,0.040773256,0.841297542,-0.783834158,1.667620595,0.728567431,0.882336352,1.352228644,0.51786795,0.369698234,0.684757592,0.515716775,1.517524806,-0.114947597,0.379886409,0.274839705,0.910961084,0.356482422,0.107838467,0.254038983,-2.338768747,1.81076074,0.345045493,0.60311427,0.44126756,0.146793178,0.035515245,0.537168302,0.071541783,0.037409783,-0.028192547,0.003635529,0.004382377,0.014592349,0.334182989,0.039750823
4,1,R,Grid,Edge,RU,316.4,274.43,-45,0,0.377946914,0,0,0,0.334833465,0.345778013,0,0,0,0.130448287,0.255113151,0,0,0,0,0,0,0,0.505913809,0,0,0.401626497,0,0,0,0,0,0,0.355145246,0,0,0,0,0,0.529358815,-1.268374997,-0.783834158,-0.383724284,-1.462875461,0.910648416,1.007802149,-1.234724395,2.762702207,-1.022226064,-0.128120602,-0.208815099,0.52337119,0.216713803,-0.677851279,1.219245251,0.051734919,0.192190926,-1.140274667,-0.57502492,-0.907071699,-1.679605509,1.588499389,-0.211443103,-1.286477014,2.365156139,-1.214428487,2.03E-05,5.86E-06,-2.38E-05,1.62E-05,3.05E-07,1.77E-05,0.397546069,1.15E-05
5,1,U,Grid,Edge,UF,332,-78.59,52,0,0.526937529,0,0,0,0,0.247818276,0,0,0,0.100135356,0,0,0,0,0,0,0,0,0,0,0,0.196528386,0,0,0,0.7824784,0,0,0,0,0,0,0,0,0.305909373,-0.86435502,-0.420568654,0.873085607,-1.190856044,0.672514799,-0.994811399,-0.751472114,-0.818059078,-0.48777529,0.457039922,-0.041406323,0.098438198,0.98311942,0.70031356,0.160741224,0.175279079,0.238618237,-1.321305761,-0.379156522,0.77443729,-2.173966512,-0.027841602,-1.155552623,-0.926693655,-0.764659859,-0.726717225,-8.92E-05,-5.81E-06,0.000210119,-8.95E-06,4.28E-05,-5.75E-05,-0.053399219,0.000323698
6,1,B,Grid,Core,B,319.1,33.33,38,0.196968856,0,0,0,0,0,0.532733659,0,0,0,0,0,0.085400634,0,0,0,0,0.078873196,0,0,0,0,0,0.466002414,0.131092691,0.61431451,0.103895037,0,0,0.1103139,0,0,0,0.170864485,0,0.179583281,3.01176726,-0.565174683,-1.553857631,1.654714126,1.225610951,0.074557431,0.707821324,0.42149768,0.274782054,0.469010107,-0.13421048,0.441406876,1.49845068,1.011228521,0.500471227,0.145530828,-0.068812222,2.53192747,-0.428802578,-2.000407668,0.15301243,0.210939218,-0.425913796,0.56135926,0.491158841,0.334925426,0.010829683,-0.002161626,0.005143161,0.003251016,0.003443212,0.000931235,-0.069661161,0.00866885
7,1,B,Grid,Edge,BR,319,154.93,32.5,0,0.303092003,0,0,0,0,0.187108004,0,0,0,0.606433951,0.464967965,0,0,0,0,0,0,0.041017673,0,0,0,0,0.389386927,0,0,0.368597149,0,0,0,0,0,0,0,0,0.004185397,-0.077439274,0.224194999,0.641948155,-0.033204961,-1.419652508,-0.418849948,0.711519186,2.785256889,1.280247037,0.108176781,-0.073413411,-0.509923164,-0.143025591,-0.490396935,-0.043973357,0.507582725,0.344293845,0.173598346,0.289536913,1.39374958,0.151876788,-0.947340148,-0.37487659,0.049875948,2.915860225,0.541658371,-0.359214401,0.008071497,-0.241878261,-0.042056157,0.018084575,0.154060513,-0.130603336,0.394294821
A1/2,1,B,A,Edge,BR,319,130.0214947,23.24893887,0.558135501,0.313327339,0,0,0.0387157,0.280625838,0.31802185,0,0,0,0.382764876,0,0,0,0,0,0,0,0,0,0,0,0.435990396,0,0,0,0.268935868,0,0,0,0,0,0,0,0,0.417467589,0.513084225,-0.234064317,-0.824330051,-0.210339412,-0.786753277,0.464051675,1.496390567,1.073543848,1.382166215,0.297955042,-0.003472623,-0.371447968,0.002055481,-0.550991376,0.420322274,0.635915009,0.327492003,0.05330754,-0.161909304,0.010968378,-0.063025924,-0.117715064,0.0437294,0.146093453,0.20542486,0.228770216,0.161821642,-0.068682389,-0.463850461,-0.149368969,-0.118046837,0.714382104,0.868118988,0.825903997
A3/4,1,B,A,Core,B,319,131.31,54.5,0,0.689190976,0,0,0,0,0.376628967,0,0,0,0.220788766,0,0,0,0,0,0,0,0.056304297,0.483963914,0,0,0.267603576,0,0,0,0.159423408,0,0,0,0,0,0,0,0,0.41224625,-0.016823277,-0.607949711,-0.528185191,-0.122005145,-0.691236889,0.239432604,-0.068145993,0.524984756,-0.546593868,0.05085916,-0.513198829,-0.335995838,0.030180029,-0.604689329,0.212967712,0.222608324,-0.006066725,0.008086801,-0.041888224,-0.024558409,-0.043093024,-0.004125103,0.026464892,-0.075866448,0.128322519,-0.141042174,-0.075769238,-0.052862659,-0.167630944,-0.109092149,-0.082422457,-0.214887868,0.396662236,-0.39948497
A5/6,1,B,A,Core,B,319.15,132.5985053,85.75106113,0.403203995,0.35584944,0,0,0,0,0.185762042,0,0,0,0.551464853,0.45006439,0,0,0,0,0,0,0,0.411847956,0,0,0,0,0,0,0,0,0,0,0,0,0,0,0,0.653583176,0.762643973,-0.783834158,0.020766255,0.461139907,-0.28449955,0.795074988,0.786644189,-0.281985905,0.905131931,0.04016032,-0.489255262,-0.056748652,0.492131817,-0.12427627,0.74846587,-0.032255759,-0.360174728,0.725256141,-0.286191747,0.022295696,-0.010292471,-0.055238675,0.046609119,0.811404153,-0.366349605,1.277184023,-0.002772488,-0.008387149,0.055219212,-0.02069944,-0.104984604,0.007495795,0.0843637,-0.011877365
B1/2,1,B,B,Core,B,321.75,-2.373252022,80.75000423,0.409625806,0,0,0,0,0.262574292,0.558784083,0,0,0,0.135176431,0.4030361,0.186771594,0,0,0,0,0,0,0,0,0,0,0,0,0,0.459175294,0,0,0,0,0,0,0.156797462,0,0.130138424,0.826826775,-0.178359571,0.071327573,0.772542913,0.722637097,0.245300886,0.029847372,-0.085490751,0.422525981,0.528865114,-0.188230954,0.093268668,0.692135649,0.727915816,0.222922366,0.063625256,0.186685053,0.061546432,0.003384218,-0.01289099,0.022599486,-0.001715003,0.02237852,-0.007035592,-0.008118561,0.061762236,0.23641523,0.006487164,-0.009050105,0.057807777,-0.003563717,-0.026742292,-0.07737219,0.174078691
B3/4,1,B,B,Core,B,320.75,-2.45,51.25,0.546949781,0.156455363,0,0,0.065770304,0,0.222017029,0,0,0,0.223128724,0.337306956,0.161496716,0,0.341260197,0,0,0,0,0,0,0,0,0.129626299,0.222707371,0.325038326,0.354138436,0,0,0,0,0.044281,0,0.131232384,0,0.438319174,0.150563478,-0.38193449,0.533602475,0.902147456,1.142901886,0.583535901,-0.040995895,-0.346701469,0.757527039,0.643359275,-0.367091844,0.225121896,1.047360395,1.102883573,0.565969412,0.157395657,0.195064404,-0.134985343,0.002383514,0.090118011,-0.052784395,0.01095657,0.017566489,-0.050926348,-0.078353252,0.124170377,-0.357810455,-0.01722616,0.218362568,-0.092428544,0.029061743,-0.147465204,-0.268348217,0.438292258
B5/6,1,B,B,Core,B,319.85,-2.526747979,21.74999577,0.822979694,0,0,0,0,0,0,0,0,0,0,0.335504638,0,0,0,0,0,0,0,0,0,0,0,0,0,0.301837452,0,0,0,0.181550129,0,0,0,0.293385011,0,0.117628573,1.813458529,0.599507209,0.764739926,2.319738256,1.374033966,0.556472314,0.641746354,0.660490836,-0.208380373,0.827552787,0.322218579,0.453584848,2.019494827,1.264216242,0.555473128,0.405769824,0.06569224,0.245361266,0.1204597,0.06112289,0.085743549,0.03543832,0.000999186,0.037161389,0.145925299,-0.078171196,0.740544476,0.15682893,0.250032189,0.21449988,0.074379403,0.19881514,0.514565537,-0.195901417
C1/2,1,D,C,Core,D,321.5,71.13683995,103.8573657,0,0.215078047,0,0,0.141153813,0,0.209016224,0,0,0,0.111294355,0,0,0,0,0,0,0,0,0.491323854,0,0.239780518,0,0,0,0,0.728901123,0,0,0.218064546,0,0,0,0,0,0,-0.771406217,-0.265337605,0.273572843,0.196567378,1.558969182,0.177004965,-0.849562791,-0.780426579,-1.1432558,0.132849695,-0.210395303,0.153628039,0.339557795,1.168623786,0.133445342,-0.209311981,-0.356672951,-0.217008185,-0.026743421,0.017260657,-0.04813091,0.144993315,0.043559623,-0.152442554,-0.118280607,-0.170613926,-0.687247726,-0.028198881,0.102684147,-0.094859507,0.245352081,-0.487808255,-0.662145973,-0.615968924
C3/4,1,D,C,Core,D,319.1,83.05,77,0.426982735,0.144420631,0,0,0,0,0,0,0,0,0.612912712,0.288595451,0,0,0,0,0,0,0,0,0,0,0,0,0.508608686,0.183351407,0,0,0,0,0,0,0,0.213491367,0,0,0.57897733,0.488803151,0.735847745,1.191323382,0.017745406,-0.305820589,0.048725935,-1.016025126,-0.966240002,0.343364902,0.251566643,0.118623669,1.095520112,0.397566498,-0.240127304,-0.032201766,-0.408398034,0.06977271,0.10703033,0.154356863,0.015913122,-0.149022402,-0.065693285,0.035153038,-0.224952845,-0.107950089,0.165839717,0.130206178,0.462867213,0.079890148,-0.23079869,0.045774662,-0.791072281,-0.449891879
C5/6,1,D,C,Core,D,319,94.96316005,50.14263435,0.289140943,0.161796128,0,0,0.099248423,0,0,0,0,0,0.176756716,0.137057345,0,0,0.54295147,0,0,0,0,0.254265006,0,0,0,0.220236977,0.553234954,0.283518082,0,0,0,0,0,0,0,0.189575557,0,0,-0.385228017,-0.112891263,-0.325939921,1.483456427,1.129551861,0.313123234,-0.637714177,-0.952294344,-0.975075054,0.337906472,-0.133714231,-0.195936429,1.177929556,0.752179023,0.295986226,0.015666822,-0.252754007,-0.169218387,0.009158351,-0.036243867,0.095120856,0.131428574,0.017137008,-0.160929443,-0.198598493,-0.166095878,-0.553916101,0.011664617,-0.093759625,0.210406014,0.245944264,-0.492451555,-0.753695851,-0.55622517
D1/2,1,R,D,Core,R,316.6,270.2967411,123.7495575,0,0.428267995,0,0,0.042846995,0,0,0,0,0,0,0,0,0,0,0,0,0,0,0,0.49865034,0,0,0,0,0,0.185465251,0.626452576,0,0.360800044,0,0,0,0.095297619,0,0.013069841,-1.330178385,-0.719689783,2.223795087,-2.357800237,-2.782001411,-0.278108879,-1.394997554,0.497553402,-1.198364771,-0.686078512,-0.737761114,1.345351728,-1.754611107,-2.137818555,-0.216665199,-0.804552226,-0.268423728,-0.117822628,0.009348724,0.179646949,-0.190694218,-0.234370651,-0.061443681,-0.127937526,0.152593296,-0.25552048,-0.526277245,0.008722607,0.698796411,-0.412494913,-0.409812205,-0.462507803,0.344960106,-0.674420563
D3/4,1,R,D,Core,R,316.1,269.445,155.75,0,0.551801336,0,0,0,0,0,0,0,0,0,0,0,0,0,0,0,0,0,0.802759499,0,0,0,0,0,0,0.226036439,0,0,0,0,0,0,0,0,0.149368157,-0.519638262,-0.783834158,1.653174505,-1.221786822,-1.712158495,0.083040296,-0.891990901,0.190945186,0.200039372,-0.498002665,-0.758076169,1.116617255,-0.992652417,-1.429503132,0.182888802,-0.685758626,-0.185445564,-0.025705888,-0.01063638,0.150476609,-0.086521067,-0.113096454,-0.099848506,-0.048294334,0.02669536,0.10556201,0.004070291,-0.01512161,0.38608064,-0.142613338,-0.169558908,-0.15793794,0.164249826,0.279922926
D5/6,1,R,D,Core,R,316.45,268.5932589,187.7504426,0.405826565,0.213898553,0,0,0,0.370675214,0.227985327,0,0,0,0.155994309,0.092595011,0,0.050637896,0,0,0,0,0,0,0,0,0.248849087,0.319742143,0,0,0.611014004,0,0.164934861,0,0,0,0,0,0,0.018262906,-0.712725131,-0.627510303,1.732628003,-0.445433032,-1.06689349,1.516233566,-0.655133057,-0.77148319,-0.335821351,-0.480500256,-0.596760407,1.028838101,-0.461578246,-0.94671666,1.421521096,-0.522927238,-0.099665543,-0.053106998,-0.014348733,0.167091095,0.009441539,-0.036237722,0.09471247,-0.030128136,-0.1544577,-0.064154157,-0.179117876,-0.016401163,0.536698807,0.006703675,-0.083939109,-0.102077682,-0.61702549,-0.172001651
E1/2,1,U,E,Core,U,332,63.84113069,195.2496123,0.50727351,0.38151604,0,0,0,0,0.751035774,0,0,0,0,0,0,0,0,0,0,0,0,0,0,0,0.152749474,0,0,0,0.098650702,0,0,0,0,0,0,0,0,0.585817294,-0.067462604,0.227937138,-0.831553096,-0.510090511,0.789869625,-0.139583873,0.258141744,0.178102837,0.511240448,0.1112196,0.216295096,-0.60031198,-0.391771918,0.643442229,-0.22615768,0.198222209,0.348628009,-0.028108097,0.008571041,-0.052093493,-0.037505856,0.05258116,0.086573807,0.021304364,0.041121075,0.040040987,-0.150574108,0.003071,-0.179147623,-0.080812737,0.093846236,0.038615172,0.136981762,0.122571453
E3/4,1,U,E,Core,U,332,64.52,222.5,0.332263267,0,0,0,0,0,0.892291316,0,0,0,0.305642484,0,0,0,0,0,0,0,0,0,0,0,0,0,0,0,0,0,0,0,0,0,0,0,0,0.173022835,0.058820969,1.077856561,-0.643753917,-0.306892507,0.459704919,-1.040539456,0.237608874,-0.382915361,0.440688449,0.273750404,0.996014325,-0.704117327,-0.273531829,0.255448537,-1.301412016,0.471029595,0.60262671,-0.047777829,0.056458918,0.045030735,0.009692928,0.121197383,0.26087256,-0.02658642,-0.259891732,-0.005263943,-0.167151607,0.025383319,0.015332675,-0.043053606,0.083058999,-0.2068343,-0.123023629,-0.156674318
E5/6,1,U,E,Core,U,331.9,65.19886931,249.7503877,0.58809635,0.714050554,0,0,0,0,0.216134284,0,0,0,0.312346699,0,0,0,0,0,0,0,0,0,0,0,0,0,0,0,0,0,0,0,0,0,0,0,0,0.073398772,0.826818217,2.183256293,-1.062690547,-0.230658062,0.296811649,-1.268735927,0.473493596,0.122181073,1.139885071,0.539582878,2.075874601,-0.752667428,-0.016444979,0.198686265,-1.371837755,0.797041367,0.808281098,0.061589427,0.047733722,-0.076600368,-0.068106642,0.054267915,0.103101828,-0.076126673,-0.001851324,0.088222766,0.225645912,0.05964797,-0.233422751,-0.146106441,0.043857469,-0.247421098,0.124032397,0.243381207
F1/2,1,D,F,Core,D,331.9,-48.29457092,263.8412304,0.366348302,0.506030842,0,0,0,0,0,0,0,0,0.592692395,0.243038494,0,0,0.273583645,0,0,0,0,0,0,0,0,0,0,0,0.336494562,0,0,0,0,0,0,0.106269105,0,0,0.130331682,-0.052871849,-0.102025516,0.292492379,1.349854968,0.248034865,-0.388108437,-0.440667745,-1.075961268,0.152282303,0.068802474,-0.3767757,0.313289406,1.089163061,0.198117288,0.054600812,-0.0860893,-0.003616958,-0.053936317,0.063642846,-0.008366291,0.090696982,0.049917577,-0.096816879,-0.085173319,-0.216503973,-0.018333663,-0.067738006,0.211107339,-0.012430736,0.169994925,-0.34589237,-0.355494426,-0.773367995
F3/4,1,D,F,Core,D,331.8,-71,284.5,0.493586481,0.331658006,0,0,0,0,0,0,0,0,0.60234302,0.330489091,0,0,0.119402513,0,0,0,0.105543287,0,0,0,0,0,0,0,0,0,0,0,0,0,0,0.385925971,0,0,0.011235405,0.654411372,-0.333162967,0.39532914,0.542241107,-0.035278486,-0.460703323,-0.983394695,-1.040747012,0.035775903,0.524660556,-0.352654209,0.316575505,0.556584917,-0.102975325,-0.027079823,-0.134043553,0.00070028,0.058700985,0.000123139,0.024731959,-0.002132638,0.067696839,-0.092060396,-0.211328883,-0.193990158,-0.025240778,0.071049831,0.019368102,0.054021676,-0.012211172,-0.341563105,-0.772065812,-0.712713301
F5/6,1,D,F,Core,D,332.45,-93.70542908,305.1587696,0.144985674,0.814547219,0,0,0,0,0,0,0,0,0,0.275473263,0,0,0.306800038,0,0,0.146280189,0.129451492,0,0,0,0,0,0,0,0.327604362,0,0,0,0,0,0,0,0,0,-0.652917339,0.279626245,0.049658437,0.071926164,0.156272258,-1.08355585,-0.668075577,-0.581736954,-0.663366156,-0.059484937,0.236870658,-0.294279147,0.074045025,0.265087412,-1.057698236,-0.019339068,0.048999137,-0.135197344,0.02145083,0.09293022,0.000487072,-0.032706597,-0.025857614,-0.153996023,-0.117612008,-0.164236069,-0.458235058,0.021304757,0.251007364,-0.002605932,-0.076108556,-0.494740486,-0.464124946,-0.548129224
G1/2,1,U,G,Core,U,335,109.0374602,360.886363,0.464378484,0.20464381,0,0,0,0,0.118327567,0,0,0,0.081894959,0,0,0,0,0,0,0,0.073168738,0,0,0,0.8117996,0.239568533,0,0,0,0,0,0,0,0,0,0,0,0.138945899,0.220056128,0.888940144,-0.708761325,-0.616551955,0.361281336,-0.901465643,0.045903881,-0.604688264,0.498803072,0.337251521,0.892876592,-0.483994037,-0.452779701,0.383960421,-0.866054948,0.404994099,0.394982986,-0.025612107,-0.006887327,-0.053246467,-0.051059103,-0.010285907,-0.035410695,-0.080915011,-0.104946897,0.02980335,-0.091583286,0.002950879,-0.171520822,-0.112713151,-0.012393178,-0.278175207,-0.499741367,0.074016737
G3/4,1,U,G,Core,U,335,81.805,363.875,0.221184152,0.124094223,0,0,0,0,0.092113339,0,0,0,0.16299042,0.222124739,0,0,0.216861119,0,0,0,0.027370823,0,0,0,0.300943727,0,0,0,0.844359531,0,0,0,0,0,0,0,0,0.419833999,0.034078146,1.173876011,-0.593192599,-0.642909317,0.265679938,-1.100465401,-0.135291396,-1.888014877,-0.083713654,0.591158507,1.317767766,-0.436575966,-0.387247574,0.302310823,-1.075720026,0.733258475,0.629507462,-0.142850202,-0.073419227,-0.029267926,-0.080621786,-0.011200427,-0.024745374,-0.220814605,-0.434187632,-0.177234101,-0.41423016,-0.070472528,-0.127348708,-0.175039958,-0.025430458,-0.647735267,-1.453827245,-0.535987015
G5/6,1,U,G,Core,U,335,54.57253979,366.863637,0.659451399,0.0899306,0,0,0,0,0.1529393,0,0,0,0.190076798,0,0,0,0,0,0,0,0,0,0,0,0.469786435,0,0,0,0.526134418,0,0,0,0,0,0,0,0,0.10988767,0.928985471,1.979573993,-0.896560504,-0.304077414,0.018663946,-1.352777409,1.086852261,-0.531613544,1.325745326,0.787285005,1.898228331,-0.353353516,-0.079560344,0.183443444,-1.311297957,1.065925969,0.855433939,0.039731941,0.034026678,-0.133608734,-0.071412176,-0.055637938,-0.041479452,0.014385723,-0.069885739,0.123376038,0.101968526,0.047318985,-0.409598255,-0.153104894,-0.109141559,0.00654057,-0.461727805,0.346935349
H1/2,1,R,H,Core,R,317.45,216.5228137,364.2502082,0,0.842825823,0,0.448142401,0,0,0.144185827,0,0,0,0,0,0,0.072240911,0,0,0,0,0,0,0,0,0,0,0,0,0,0,0,0,0,0,0,0.250608697,0,0.178310147,-0.228267192,0.297751443,-0.167032924,-0.681620073,-1.473721271,0.551571023,-0.66554546,0.132709191,-0.822074571,-0.534098964,-0.048061844,-0.252049303,-0.511449931,-1.241257468,0.770364555,-0.610257774,-0.641701396,0.082542252,0.210741025,-0.088455811,-0.109908504,-0.115232179,-0.218793533,0.022291655,-0.253322087,-0.060591459,0.22328952,0.135072262,0.17347219,-0.060261637,-0.117231625,-0.077579341,0.386031278,-0.119781716
H3/4,1,R,H,Core,R,316.9,217.075,334,0,0.534242499,0,0.533844996,0,0.485621354,0.232468391,0,0,0,0.088447571,0,0,0,0,0,0,0,0,0,0,0,0.36318294,0,0,0,0,0,0,0,0,0,0,0,0,0.400568923,-0.515841999,-0.081547288,0.064104527,-0.312218988,-0.962958347,1.437156657,-0.693571368,-0.0044831,-0.397435572,-0.664988627,-0.16294585,-0.06364499,-0.475944877,-0.982377423,1.381741215,-0.662383875,-0.6166486,0.052107617,0.036556103,0.056516252,0.053467852,0.019804843,0.055415442,0.004113324,-0.007065987,0.091965797,0.097039011,0.044842459,0.071233265,0.110258037,-0.000385767,-0.035300817,0.002582887,0.12724723
H5/6,1,R,H,Core,R,316.8,217.6271864,303.7497918,0,0.461966148,0,0,0,0.280237223,0,0,0,0,0.483448415,0,0,0,0,0,0,0,0,0.461101613,0,0,0,0,0,0,0.495135225,0,0,0,0,0,0,0.12867952,0,0.2375835,-0.351701258,-0.029739264,0.410810704,-0.807678891,-0.339312341,1.157644399,-0.740086589,-0.727799167,-1.302587624,-0.714661871,-0.164717706,0.322130961,-0.752288564,-0.393747078,1.124973783,-0.642691135,-0.576690972,0.093333485,0.058158967,0.028830448,-0.022780939,0.022496351,0.032670616,-0.017758099,-0.178042026,-0.154200169,0.269627128,0.076819476,0.059849295,-0.032609388,0.031938386,-0.079637355,-0.549757141,-0.571696483
I1/2,1,R,I,Edge,RB,317.45,161.1975764,-23.42178835,0.735904891,0.149085623,0,0,0.048374976,0,0.246167754,0,0,0,0.37254592,0.35031923,0,0.032849378,0,0,0,0,0.03663969,0.304488436,0,0,0,0,0,0,0,0,0.097284686,0,0,0,0,0.084650311,0,0.183236962,2.334625021,1.851202889,-0.925452685,0.986622014,-0.124785289,0.679007762,2.374876264,0.284590468,1.500166731,0.643138226,1.266677135,-0.018049193,0.774324403,0.060359639,0.704479495,0.809068248,0.41397506,0.401992324,0.276395879,-0.237496213,0.058763942,-0.075709606,-0.025471733,0.376374098,-0.011129677,0.264300553,1.289494472,0.308129876,-0.669907279,0.153533669,-0.109435321,1.189433918,0.295720145,0.821891118
I3/4,1,RB,I,Trans,T-RB,318.5,145.26,3.75,0.232972842,0.219285725,0,0,0,0,0.252394208,0,0,0,0.358186873,0.381949862,0,0,0,0,0,0,0,0.330865187,0,0,0.335276394,0.58126502,0,0,0,0,0,0,0,0,0,0,0,0.117384313,0.805622115,0.592683244,-0.304270785,0.987726794,0.121239249,0.505482158,1.523394697,1.165537301,0.77168308,0.465158295,0.409437305,-0.104684034,0.649703827,-0.07004632,0.494234158,0.749832623,0.395004877,0.109475624,0.10738081,-0.069098672,0.106702526,0.057474223,0.011248,0.203202119,0.19454811,0.103491828,0.230988196,0.075865128,-0.130488079,0.231320441,0.133811346,0.570359954,0.970989191,0.273186376
I6,1,B,I,Edge,BR,319,128.69,32,0,0.355465301,0,0,0.046175644,0.336298054,0,0,0,0,0.418707824,0.573394737,0,0,0,0,0,0,0,0.280538792,0,0,0.419065709,0,0,0,0,0,0,0,0,0,0,0,0,0.662016802,-0.000591195,0.199656283,-1.106028819,-0.22623557,-0.451805782,0.36808304,0.957524375,0.733923037,0.444389355,0.193861236,-0.13610069,-0.420221303,0.02434905,-0.57747615,0.317453343,0.481461246,0.242097686,-0.281772491,0.3308271,-0.00833362,-0.16935397,0.133306277,0.050629697,0.074637225,0.525502865,-0.28412748,0.08732006,0.004929873,-0.677473896,-0.08123065,-0.007635909,0.401425903,0.208420172,0.48641915
J1/2,1,R,J,Edge,RB,318.15,208.7530785,44.41232583,0,0.618461768,0,0,0,0.329633336,0.311486362,0,0,0,0.366794506,0.116300696,0,0,0,0,0,0,0,0,0,0,0.499420716,0,0,0,0,0,0,0.119741545,0,0,0,0,0,0.441737234,-0.376540874,-0.783834158,0.995877378,-1.05155274,-1.374537957,1.769967234,-0.763928073,0.688648868,-0.568083893,-0.175756551,-0.47690818,0.362843313,-0.799653146,-1.181161607,1.709800164,0.0987895,-0.019840286,-0.173780394,-0.299020928,0.171384401,-0.080446812,-0.069108744,0.06016707,-0.844813356,0.416900053,-0.132880348,-0.027003929,-0.00790505,0.461649663,-0.171452782,-0.124267606,-0.017904217,0.271748815,-0.415363259
J3/4,1,RB,J,Trans,T-RB,319,178,42.25,0,0.511846338,0,0,0,0.198634352,0,0,0,0,0.393969656,0.360400965,0,0,0,0,0,0,0,0,0,0,0,0,0,0,0.544295731,0,0,0.342343297,0,0,0,0,0,0.299725919,-0.676255138,-0.590590757,-1.257712772,-0.531549698,-0.137205608,0.762352205,-0.090917042,0.544463375,0.289538447,-0.085692401,-0.514835158,-0.251371842,-0.44289766,-0.454834722,0.749236989,0.132047877,0.156366653,-0.128581509,-0.033605345,-0.265785154,-0.024384835,0.12092518,0.013115215,-0.053277237,0.037723037,0.014702378,-0.461981229,-0.042150254,-0.740555776,-0.064267204,0.196703934,-0.169687682,0.506740337,0.118469415
J5/6,1,B,J,Edge,BR,319,147.2469215,40.08767417,0,0.627914196,0,0,0,0.340899666,0.549866937,0,0,0,0.336138497,0,0,0,0,0,0,0,0,0,0,0,0.272338838,0,0,0,0,0,0,0,0,0,0,0,0,0.097867909,-0.91849225,-0.254300726,-0.780991778,-0.322517988,-1.150909297,-0.495946462,0.485171058,-0.799692166,0.838268916,0.076491813,-0.194207375,-0.382158148,-0.181724342,-0.943152779,-0.423561988,0.436168165,0.326708743,-0.24205225,-0.040956305,-0.148725632,-0.043949938,-0.042984342,-0.072384475,-0.013967628,-0.494400405,0.060657153,-0.752931813,-0.019137045,-0.250107998,-0.096843708,-0.164772176,0.062970521,-0.305291761,0.45090302
K1/2,1,B,K,Edge,BU,321.15,138.2943691,122.2329704,0,0.304430669,0,0,0,0,0.315195917,0,0,0,0.711233542,0,0,0,0,0,0,0,0.118249,0.434400844,0,0,0,0,0,0,0.315330669,0,0,0,0,0,0,0,0,0.122611936,0.889183198,-0.095416637,-0.174255969,1.179532455,0.935032194,0.196286101,-0.028831872,-0.355549574,-0.554739451,0.25765211,-0.207039174,0.048706503,0.955978199,0.715958827,0.205202976,-0.006628505,-0.287600446,0.133263927,0.049662836,-0.055542036,0.070576697,0.076243709,-0.008916875,-0.010328857,-0.068420087,-0.063675966,0.498267161,0.061959701,-0.167420435,0.152977559,0.142829658,-0.011874509,-0.287129487,-0.203463039
K3/4,1,UB,K,Trans,T-UB,325.2,133.455,151.25,0.463260173,0.204478703,0,0,0,0.264632265,0,0,0,0,0.576883541,0.4596235,0,0,0,0,0,0,0,0,0,0,0,0,0,0,0.359860882,0,0,0,0,0,0,0,0,0.05896469,0.542809959,-0.28011227,-0.549854327,0.798206576,0.725575413,0.273755484,0.261061109,-0.508906752,-0.166589179,0.180721268,-0.202349275,-0.125487699,0.742462555,0.679538175,0.250127991,0.083248893,-0.032162565,0.057985686,-0.042567867,-0.10359825,0.011005269,0.010300714,0.023627493,0.043061862,-0.099050894,-0.018461381,0.304103006,-0.035195128,-0.320768379,0.044738751,0.035736523,0.134750354,-0.409855858,-0.115965233
K5/6,1,U,K,Edge,UB,329.85,128.615631,180.2670297,0.583037795,0.522711795,0,0,0,0,0.252098059,0,0,0,0.210596442,0.466930539,0,0,0,0,0,0,0,0,0,0,0,0,0,0,0.246801314,0,0,0,0,0,0,0,0,0.342006357,0.165572274,-0.043142476,-0.311493831,0.643406905,0.548450174,-0.350920351,0.373359364,-0.682175238,0.365285346,0.024229725,-0.038729572,-0.256850288,0.465997317,0.512296266,-0.328945292,0.168787748,0.259280411,0.028034172,-0.005838709,-0.011872975,0.055666432,0.005677422,-0.021975059,0.045207131,-0.155948503,0.02377415,0.113308376,0.001425805,-0.042770567,0.121743155,0.030476486,0.159364485,-0.526226736,0.082230785
L1/2,1,B,L,Edge,BU,324.05,-0.320134073,106.612406,0.16223071,0.203500931,0,0,0.133162379,0.235752852,0.592243816,0,0,0,0.434088291,0.356646962,0,0,0,0,0,0,0,0,0,0,0,0,0,0.125243703,0.414078305,0,0,0,0,0,0,0.073672766,0,0.158449738,1.0967108,0.115810945,0.208565434,0.532669437,0.421554022,-0.186922886,0.16598711,-0.088117723,-0.801055573,0.356202294,-0.00747766,0.014964729,0.30218677,0.402391283,-0.217283773,-0.046710771,0.342678795,0.173646299,0.052871044,0.044937057,0.080096092,0.011262402,0.030360887,0.233082852,-0.084889655,-1.172973774,0.566862207,0.070417561,0.148663649,0.150386575,0.007900337,-0.02038497,-0.003228069,0.029239406
L3/4,1,UB,L,Trans,T-UB,328.6,-13.46,132.25,0.091402058,0.259013838,0,0,0,0,0,0,0,0,0.961539128,0,0,0,0,0,0,0,0,0,0,0,0,0,0,0,0,0,0,0,0,0,0,0,0,0.224923637,-0.776341151,-0.593278631,-0.817107005,-1.014208554,-0.121096307,-1.318204439,-0.105416557,-0.437332657,1.138893462,0.075139576,-0.428714467,-0.352298633,-0.563872844,-0.002307618,-1.313946708,0.058027374,0.460073083,-0.224596232,-0.074973309,-0.111747572,-0.155329866,-0.03493393,-0.004257731,-0.05363314,-0.127418498,0.150937998,-0.626884495,-0.089590854,-0.3530608,-0.295005843,-0.083854758,-0.109810791,-0.309914159,0.527882381
L5/6,1,U,L,Edge,UB,330.95,-26.59986593,157.887594,0.340275351,0.533272706,0,0,0,0.429839959,0,0,0,0,0.540941189,0,0,0,0,0,0,0,0.194749496,0,0,0,0.290733177,0,0,0,0,0,0,0,0,0,0,0,0,0.346212174,0.518497355,0.235248734,-0.788214824,0.025863664,0.048613513,-1.534076905,0.757450535,1.284620187,1.51921433,0.061436411,0.089513147,-0.525008618,-0.087064748,0.09255333,-1.530575694,0.204034939,0.607085475,0.1152186,0.069781906,-0.057637134,0.041025056,-0.007088278,-0.003501211,0.131087533,0.296780335,0.203517251,0.341842344,0.075953681,-0.205569072,0.071903356,-0.036851539,0.422328063,0.987839852,0.708611604
M2/3,1,BD,M,Trans,T-BD,318.7,103.9044114,-22.4789487,0.193613276,0,0,0,0.133693222,0,0.258191995,0,0,0,0,0.520325851,0,0,0,0,0,0.232569887,0,0,0,0,0,0.61295962,0,0,0,0,0,0.397300339,0,0,0,0.139936121,0,0.039241726,-0.087892609,-0.768576973,0.483041158,0.262819329,-0.045599276,0.545880785,-0.478998013,-0.195005509,-0.286173426,0.616258431,-0.55965233,0.460709348,0.554869645,0.17872465,0.51562284,0.170891454,-0.063743164,-0.180362457,-0.137998476,-0.157100065,-0.173126378,-0.142239748,0.030257946,-0.14288668,-0.113099651,0.163677265,-0.523788583,-0.070926167,0.179431874,-0.118923939,-0.082084178,-0.507002786,-0.081905858,-0.386107527
M4,1,D,M,Core,D,318.7,113.3852532,-19.45450286,0.227614566,0,0,0,0.166172592,0,0.289056533,0,0,0,0,0.459723847,0.318384169,0,0,0,0,0,0,0,0,0,0,0,0,0,0,0,0,0.630487268,0,0,0,0.356084133,0,0,-0.959727642,-0.424777392,1.031992604,0.105148856,0.073362833,0.494648278,-0.783390509,-0.278837817,-1.381117656,0.552096224,-0.346504778,0.256750915,0.10541967,0.018084018,0.402316884,0.213050517,0.016210222,-0.802577964,-0.064360417,0.653706323,0.303949613,0.15123762,0.092331394,-0.358655971,-0.414961581,-0.559461515,-0.709245902,-0.013912198,0.121535366,-0.304220427,-0.095958805,-0.637785054,0.136123764,-0.837866363
M5/6,1,RD,M,Trans,T-RD,318.8,121.4870581,-16.8699781,0.098884536,0.076374234,0,0,0.112128643,0,0.313665139,0,0,0,0.284001162,0.244367135,0,0,0,0,0,0,0.133453924,0,0.259672397,0,0.14011857,0,0,0.671289321,0.218671492,0,0,0.287620452,0,0,0,0.216825278,0,0.384053531,-0.636932939,-0.164618485,0.049658437,-0.380219752,-0.082440168,0.279081717,-0.338576538,-0.129422808,-0.6120221,0.458887442,-0.145905265,0.239639513,0.084845364,0.046816986,0.331773009,0.285329207,0.02453196,-0.151662943,-0.01465831,-0.133135194,-0.138827388,-0.054021611,-0.052691293,-0.058740776,-0.052584014,0.001546111,-0.944157437,-0.00405491,-0.056845882,-0.326237728,-0.075235543,-0.565164969,-0.076838794,-0.638100172
M7,1,R,M,Edge,RD,318.5,144.59,-9.5,0,0.194584703,0,0,0,0,0.486362784,0,0,0,0.266531221,0.489514162,0,0.069330328,0,0,0,0.077734005,0.147064341,0,0,0,0.377114987,0,0,0.462202214,0,0,0,0.107218942,0,0,0,0.122903773,0,0.095400182,0.473913973,0.337347496,-0.022572017,0.906676905,0.761668217,0.62479097,0.438266587,-0.046540855,-0.136489601,0.538430102,-0.138496899,0.029726809,0.688009219,-0.1181211,0.64497303,0.777340052,0.413708959,0.071380656,0.606988642,-0.058190378,0.102505469,0.858863129,-0.020182059,-0.520716363,-0.661573669,-0.584879724,-0.135896786,-0.131144247,0.005891552,0.116162217,0.020926188,0.181642898,0.615032814,0.034681164
N1,1,U,N,Edge,UD,331.2,-34.943,224.369,0.303061484,0.716178499,0,0,0,0,0,0,0,0,0.591068053,0,0,0,0.214197693,0,0,0,0,0,0,0,0,0,0,0,0,0,0,0,0,0,0,0,0,0.284632102,-0.255581678,-0.783834158,-1.019352275,0.190376807,0.436486097,-0.250383329,0.020797339,1.382602865,0.148230227,0.034952755,-0.235071956,-0.464185002,-0.179601376,0.815080598,0.077016728,-0.001572345,0.023792888,-0.119149622,-0.53139506,-0.485741325,0.450334035,-0.394826284,-0.327400057,0.229654721,1.483721452,0.480713936,-0.171384811,-0.017367142,-0.069425948,-0.080355852,0.016231783,-0.207285037,-0.101118586,-0.356276598
N2/3,1,UD,N,Trans,T-UD,331.5,-20.92475,232.0235,0,0.649950009,0,0,0,0,0,0,0,0,0.658573446,0.097244431,0.138920613,0,0,0,0,0,0,0,0,0,0,0,0,0,0.188535117,0,0,0.187542826,0,0,0,0.210648486,0,0.415278679,-0.049965816,-0.587221011,-0.037018107,-0.205100914,0.786676265,-0.168314261,-0.45564309,-0.63821829,-0.54311789,0.170787479,-0.506577272,-0.477003243,0.175872066,0.669571972,-0.292266206,0.14087769,0.117595453,0.017378213,0.035884295,0.269239227,-0.312439636,0.111732589,0.123951945,-0.258096375,-0.675223111,-0.293069365,-0.238131508,-0.116528033,0.170745909,-0.068533344,0.005371704,-0.338424405,0.037004821,-0.367643978
N5/6,1,UD,N,Trans,T-UD,332,3.53875,247.872,0.434687167,0,0,0,0,0,0,0,0,0,0.764903686,0.085121196,0,0,0,0,0,0,0,0,0,0,0,0,0,0,0.467679163,0,0,0,0,0,0,0,0,0.160053524,0.446571047,1.84728086,-0.997683139,1.093715097,0.759708422,-0.065817323,0.535092206,-0.56220199,0.305932201,0.560539445,1.69367322,-0.609477792,1.030700112,0.606557791,-0.281501942,0.741239266,0.460576455,-0.268610779,0.087287956,-0.279486849,-0.063539006,0.12709931,0.215684619,-0.337864094,-0.550088826,-0.180185469,0.154642382,0.066319684,-0.108718498,0.126553992,0.026051322,0.131717034,-0.012113164,0.025541215
N7,1,U,N,Edge,UD,332,16.414,254.094,0.141271986,0,0,0,0,0,0,0,0,0,0.924647498,0,0,0,0,0,0,0.040656309,0,0,0,0,0,0,0,0,0.341132102,0,0,0,0,0,0,0.0839356,0,0.440439754,2.72482065,4.313608019,-1.279381908,2.235402313,0.39459907,-0.358873196,3.323572698,0.916409266,2.243881031,0.4737006,2.696588842,-0.708673858,0.995735986,0.565973314,-0.358026874,0.693280975,0.486789659,1.883382235,1.358838684,-0.256853089,1.059380354,-0.193290735,-0.000846322,2.209070325,0.92491417,1.300823525,0.367737815,0.258180493,-0.313854961,0.180285972,0.021916492,0.421221397,-0.008504903,0.456267847
P1/2,1,R,P,Edge,RU,320.45,197.7569371,265.8684911,0.584705995,0.40224494,0,0,0.127150169,0,0,0,0,0,0.438489452,0.329367353,0,0,0,0,0,0,0,0,0,0,0.11403404,0,0,0,0.349627207,0,0,0,0,0,0,0.210123637,0,0.178208045,-0.907243412,-0.740536709,0.410810704,-0.146184358,-0.051009025,-0.415727241,-0.335754485,-0.292422232,-0.601801925,-0.756174192,-0.6971774,0.29112531,-0.409635438,-0.103552202,-0.626580474,-0.328271342,-0.048008129,-0.027959182,-0.017984849,0.027181257,0.090649147,0.040672791,0.210853233,0.00298602,-0.012147155,-0.117493239,-0.123110037,-0.025374459,0.092504137,0.172801933,0.011870386,-0.010469163,-0.280275077,-0.436300556
P3/4,1,RU,P,Trans,T-UR,328.2,168.28,262.75,0,0.31394463,0,0,0.056185389,0,0,0,0,0,0.544397645,0.313969975,0,0,0,0,0,0,0,0,0,0,0.305367748,0,0,0,0.502812727,0,0,0.396567688,0,0,0,0,0,0.843418283,-1.272197857,-0.674984416,-0.383724284,-1.073806278,-0.075892401,-1.598537679,-0.327191013,1.101416273,-0.031235085,-0.696073501,-0.639323603,-0.204892667,-0.862346823,-0.119958299,-1.562442147,-0.14931734,0.26585135,-0.124651587,-0.012126151,-0.043341408,-0.070063735,0.01512143,-0.036095532,-0.04747414,0.276314703,-0.07339932,-0.45147277,-0.023534662,-0.135490209,-0.141395719,0.028944468,-0.130399533,0.82510157,-0.223687114
P5/6,1,U,P,Edge,UR,331,138.8030629,259.631509,0.256108821,0.324056243,0,0,0,0,0,0,0,0,0.548684955,0.541440073,0,0,0,0,0,0,0,0,0,0,0,0,0,0,0.465061379,0,0,0.13748165,0,0,0,0,0,0.08042496,-0.884928019,-0.427208003,-0.419839511,-0.70272436,-0.040968687,-1.385618088,-0.03720072,-0.992722634,0.73081478,-0.330063963,-0.306219387,-0.4084635,-0.644350792,-0.058685332,-1.3882728,0.22263621,0.624495058,-0.122360746,-0.049674586,0.004967547,-0.013965646,0.007271512,0.002654712,-0.064221611,-0.251102866,0.017094829,-0.43250331,-0.071314031,-0.016343558,-0.044407922,0.010445133,-0.195615319,-0.741619768,0.089224893
Q1/2,1,U,Q,Edge,UR,329.1,163.9302435,392.945424,0.631662122,0.33566881,0,0,0,0.192230955,0,0,0,0,0.320789723,0.422858752,0,0,0,0,0,0,0,0,0,0.316778343,0,0,0,0,0.26327283,0,0,0,0,0,0,0,0,0.449809576,0.307973159,-0.783834158,-0.246486423,0.318676822,1.037583776,-0.009547829,-0.190467402,-0.570146984,-0.458050435,-0.028101108,-0.637883961,-0.441108416,0.12046642,0.792949669,-0.030122747,-0.108899539,-0.24094986,0.094846558,-0.062506862,0.05445974,0.072322776,0.081806977,0.020574918,-0.013825468,-0.114489356,-0.044013654,0.241227709,-0.083443335,0.140162254,0.125887625,0.16282713,-0.067742395,-0.455657628,-0.173086922
Q3/4,1,RU,Q,Trans,T-UR,323.15,188.06,381,0.458528187,0.521670666,0,0,0,0,0.155692876,0,0,0,0.517726493,0,0,0,0,0,0,0,0,0,0,0,0.160806876,0.44662263,0,0,0,0,0,0,0,0,0,0,0,0.375723579,-0.805744798,-0.41260565,-0.853222232,-0.783859768,0.179568107,-0.055845993,-0.518896006,0.421423989,-0.469131012,-0.402410583,-0.471619584,-0.520133113,-0.460208216,-0.02266754,0.013711522,-0.407896563,-0.505651338,-0.090679456,0.033578811,-0.096787493,-0.110017661,0.083205092,-0.069557515,-0.017687021,0.156451323,0.035733978,-0.312654758,0.025435123,-0.236301627,-0.213633891,0.119030555,-0.093312423,0.264972666,0.000786348
Q5/6,1,R,Q,Edge,RU,318.15,212.1897565,369.054576,0.468894182,0.298705968,0,0.23348995,0,0.4738896,0.35550588,0,0,0,0.534265525,0,0,0,0,0,0,0,0,0,0,0,0,0,0,0,0,0,0,0,0,0,0,0,0,0.087905895,-0.901032668,-0.783834158,0.353026341,-0.364153243,-1.877065489,1.274389948,-1.049442006,0.632141682,-1.480516545,-0.540769772,-0.425734766,-0.262836116,-0.421494071,-1.262930522,1.136859104,-0.600897008,-0.629664653,-0.282984233,-0.296377797,0.205115794,0.03035545,-0.361490219,0.137530844,-0.193655193,-0.041135486,-0.404851547,-0.077278663,-0.061721595,0.410746663,0.026985378,-0.252644748,-0.254889805,0.673277167,-0.446000345
R1,1,R,R,Core,R,318.1,220.708,131.444,0,0.869231605,0,0,0,0.380665466,0,0,0,0,0.158666904,0,0,0.047930631,0,0,0,0,0,0,0,0,0,0,0,0,0,0,0,0.220646163,0,0,0,0.152882172,0,0.064658055,-0.34181591,-0.783834158,0.396364614,-0.797500461,-1.57469803,0.891826606,-0.915151199,1.719796676,-1.347217244,-0.470954894,-0.709952368,1.141862815,-1.185778402,-1.536652359,-0.801379342,-0.549072013,-0.11993102,0.223537456,-0.072959451,-0.805798962,0.423476466,-0.006284732,1.693205948,-0.291222373,1.668567883,-1.131529375,-0.094398473,-0.000922339,0.06030076,-0.035198526,-0.031760938,-0.074856813,0.051228793,-0.09575685
R2,1,R,R,Core,R,316.7,239.182,119.803,0,0.645375792,0,0,0,0,0,0,0,0,0.488222089,0,0,0,0,0,0,0,0,0.587477046,0,0,0,0,0,0,0,0,0,0,0,0,0,0,0,0.550836363,-1.549196011,-0.783834158,1.898758046,-2.138576104,-2.367015799,-1.239117432,-1.431684246,0.168285071,-1.094164294,-0.502631383,-0.785604845,1.14100081,-1.286290923,-1.58964973,0.103783681,-0.674128339,-0.265823241,-0.898220458,0.004204957,0.586657708,-0.807751843,-0.777422527,-1.342901113,-0.609421745,-0.081331403,-0.670020029,-0.14834417,-0.00243427,0.171099529,-0.044533338,5.65E-05,-0.148134161,0.249616474,-0.158321023
R4,1,R,R,Core,R,316.2,252.614,114.669,0,0.469477664,0,0,0,0,0,0,0,0,0.393417226,0.21589646,0,0,0,0,0,0,0,0,0.657866982,0,0,0,0,0,0.37564935,0,0,0,0,0,0,0.065581453,0,1.155152183,-1.230166383,-0.783834158,2.231018133,-1.74716853,-1.574948726,-0.555038319,-1.191323164,-0.098502786,-0.411708702,-0.686654163,-0.767253885,1.272993995,-1.804976434,-2.196954358,-0.58492896,-0.777289797,-0.308893854,-0.178092259,-0.016289954,0.612837274,0.216129656,0.728536923,0.029890641,-0.176142423,-0.181930191,0.08791172,-0.365419962,-0.00029032,0.345186863,-0.158321752,-0.106531292,-0.237890943,0.083427405,-0.190726568
R5,1,R,R,Core,R,317,271.531,109.191,0,0.441189786,0,0,0,0.533209966,0,0,0,0,0,0.257023699,0,0,0,0,0,0,0,0.609571547,0,0,0.288790674,0,0,0,0,0,0,0,0,0,0,0,0,0.213757606,-1.513724617,-0.783834158,2.129895498,-1.854288266,-1.93601743,0.664041234,-0.885957546,-0.758503552,0.824886347,-0.611535452,-0.675739956,1.077095618,-1.333052031,-1.852936538,-0.776355783,-0.754804738,-0.478325931,-0.660517405,-0.114251034,0.780144149,-0.388703685,0.04899444,1.440397018,0.066793188,-1.032469679,1.647001094,-0.241671761,0.006156832,0.272655731,-0.132532549,-0.132075333,-0.197945996,0.273966127,-0.343788816
S1,1,R,S,Core,R,316,260.231,310.933,0,0.473686967,0,0,0,0.52140294,0,0,0,0,0.338221954,0,0,0,0,0,0,0,0,0.553478835,0.24947409,0,0,0,0,0,0.144185294,0,0,0,0,0,0,0,0,0.356821357,-1.124727507,-0.783834158,0.786409062,-1.191567632,-1.625236401,0.43509096,-0.994168689,0.148611452,-1.14572352,-0.815578612,-0.52485163,0.502880601,-1.250297447,-0.02761407,1.302664681,-0.752538102,-0.396156361,-0.249853288,-0.253927611,0.208016759,0.099112187,-1.604211647,-0.867573721,-0.19405519,0.161447,-0.653989086,-0.059295607,-0.005054917,0.075511702,-0.040382373,0.006589317,-0.047575397,-0.012835548,-0.095578073
